,TF_Name,n_peaks,mse,r,r2,rmse,mae,medae,elapsed_time,top_motifs,top_revmotifs,top_weights,bottom_motifs,bottom_weights
ChIPseq_ENCFF072JDK_K562_cell line_ZNF507.txt,ZNF507,11278,0.829185676,0.637639233,0.40430193,0.91059633,0.716597118,0.596455911,1.9571604,"['ATAAAT', 'CATTTA', 'TAAATA', 'CGTTTA', 'CAATAA', 'ATTTAC']","['ATTTAT', 'TAAATG', 'TATTTA', 'TAAACG', 'TTATTG', 'GTAAAT']",[1.20172556 0.95494865 0.73990476 0.66445893 0.65599446 0.65518739],"['ACCCCG', 'GAGACA', 'CAGGAC', 'CGGCAC', 'CGCACC', 'AAAATG']","[-0.43386216193043936, -0.4362893314202101, -0.4424424871230703, -0.4484973086366545, -0.46828882961427215, -0.4699521267661756]"
ChIPseq_ENCFF193XBL_HEK293_cell line_ZNF426.txt,ZNF426,8880,0.729390212,0.80923189,0.653335847,0.854043448,0.676388665,0.570591032,1.2155761,"['TAAATA', 'ATAAAT', 'AAATAA', 'AATAAA', 'AATTAA', 'TAATTA']","['TATTTA', 'ATTTAT', 'TTATTT', 'TTTATT', 'TTAATT', 'TAATTA']",[1.7110392  1.42971621 1.30489597 1.1673662  0.94518007 0.86049964],"['TATTAA', 'CGAGAA', 'TAATAA', 'GTGAGA', 'AGCCGC', 'AGACTC']","[-0.38920911843596984, -0.43965891650563593, -0.4453991909268203, -0.46147267647919704, -0.4807896208469635, -0.5418561646379982]"
ChIPseq_ENCFF651DMY_HEK293_cell line_ZNF34.txt,ZNF34,10143,0.671443177,0.836100139,0.696992804,0.819416364,0.652864085,0.553272156,1.4689277,"['TAAATA', 'AAATAA', 'ATAAAT', 'AATAAA', 'TAATTA', 'AATTAA']","['TATTTA', 'TTATTT', 'ATTTAT', 'TTTATT', 'TAATTA', 'TTAATT']",[1.47082842 1.27908291 1.27124236 1.02442361 0.74349437 0.68388177],"['CCACCC', 'CACCCC', 'GAGACC', 'ACGCTC', 'TACGTA', 'TAATAA']","[-0.3974364655948179, -0.420371252150684, -0.4407007048401815, -0.4803312497754053, -0.4804773367337805, -0.4837148286327961]"
ChIPseq_ENCFF770OVD_HEK293_cell line_ZNF555.txt,ZNF555,6727,0.47640984,0.765969808,0.567371697,0.690224485,0.552316183,0.474113533,1.2695773,"['ATAAAT', 'AATAAA', 'AAATAA', 'TAAATA', 'AGGAAC', 'AATTAA']","['ATTTAT', 'TTTATT', 'TTATTT', 'TATTTA', 'GTTCCT', 'TTAATT']",[1.08286484 1.03234043 0.96982391 0.8456334  0.58579502 0.56188463],"['AGACTC', 'GAAAAC', 'GTAGCA', 'CTTTGC', 'GGACCA', 'GGCTAC']","[-0.3480319257947988, -0.3767438015618602, -0.37842326582637364, -0.3820668702702014, -0.39910985585444597, -0.4913303524215981]"
